Day,AAPL_Trend,AAPL_Vol,AAPL_Price,S&P_Price,Apple_TV,AMZN_Trend,AMZN_Vol,AMZN_Price,S&P_Price,Amazon_TV,CSCO_Trend,CSCO_Vol,CSCO_Price,S&P_Price,Cisco_TV,FB_Trend,FB_Vol,FB_Price,S&P_Price,Facebook_TV,HPQ_Trend,HPQ_Vol,HPQ_Price,S&P_Price,HP_TV,IBM_Trend,IBM_Vol,IBM_Price,S&P_Price,IBM_TV,INTC_Trend,INTC_Vol,INTC_Price,S&P_Price,Intel_TV,LNKD_Trend,LNKD_Vol,LNKD_Price,S&P_Price,LinkedIn_TV,MSFT_Trend,MSFT_Vol,MSFT_Price,S&P_Price,Microsoft_TV,YHOO_Trend,YHOO_Vol,YHOO_Price,S&P_Price,Yahoo!_TV
9/10/13,100.0,,,,0,51.0,,,,0,88.0,,,,0,90.0,,,,0,96.0,,,,0,86.0,,,,0,88.0,,,,0,95.0,,,,0,96.0,,,,0,97.0,,,,0
9/11/13,58.0,0.20923267037641224,-0.05443601683713928,0.0030522746572130277,0,50.0,-0.020130454340980708,-0.00239712345185783,0.0030522746572130277,1,91.0,-0.14159932292235444,0.00917431192660545,0.0030522746572130277,1,91.0,0.32614415395588225,0.03302752293577971,0.0030522746572130277,1,98.0,-0.3486647910709344,0.0,0.0030522746572130277,1,91.0,0.5757239014478028,0.02198275862068977,0.0030522746572130277,1,93.0,0.44503144574741205,-0.00746596398770305,0.0030522746572130277,0,91.0,0.5912128956162768,0.01574334774160291,0.0030522746572130277,1,96.0,-0.31282216268292506,0.010575427682737226,0.0030522746572130277,1,95.0,-0.20242012362003747,-0.009837177747625492,0.0030522746572130277,0
9/12/13,35.0,-0.5504030059539573,0.010645161290322447,-0.00338043845056335,1,50.0,-0.07827384368185475,-0.0026031237484981373,-0.00338043845056335,0,90.0,-0.11184262837332826,-0.0037190082644628086,-0.00338043845056335,0,91.0,-0.058842804268868454,-0.006438721136767245,-0.00338043845056335,0,97.0,0.7604489369611782,-0.013544018058690654,-0.00338043845056335,0,87.0,-0.32402426000926876,0.000158161113454236,-0.00338043845056335,0,96.0,-0.3557195958555329,-0.007964601769911539,-0.00338043845056335,0,95.0,0.06195564889739957,-0.025142500195205697,-0.00338043845056335,0,100.0,-0.15931691717300922,-0.0015389350569406934,-0.00338043845056335,0,96.0,1.126414512366742,0.015758821514217036,-0.00338043845056335,1
9/13/13,31.0,-0.2604016520678567,-0.01649111607617837,0.002714711717812568,0,49.0,-0.15913335823683228,-0.003145285417921473,0.002714711717812568,0,80.0,-0.1714458370635631,0.0012442969722108455,0.002714711717812568,0,93.0,-0.22486385798628816,-0.009832402234636772,0.002714711717812568,0,90.0,-0.35278442571848034,0.004576659038901587,0.002714711717812568,0,83.0,0.10599737689281019,0.007537820884507829,0.002714711717812568,1,93.0,1.0711093946385075,0.035682426404995304,0.002714711717812568,1,86.0,-0.3223010702652397,-0.0004405286343611703,0.002714711717812568,0,94.0,0.24463636861613747,0.010480887792848392,0.002714711717812568,1,93.0,-0.3727941543106067,-0.013153456998313606,0.002714711717812568,0
9/16/13,26.0,0.8194177668256393,-0.031782778018173974,0.0056931616893465264,0,52.0,0.33896046201688135,-0.006243286788399582,0.0056931616893465264,0,78.0,0.7352822003360364,0.0024855012427504874,0.0056931616893465264,0,89.0,0.3346688069621513,-0.04062288422478,0.0056931616893465264,0,91.0,0.15262650901915698,-0.014578587699316636,0.0056931616893465264,0,80.0,0.05174644243208282,0.005127131945171115,0.0056931616893465264,1,83.0,-0.5078335089016404,-0.0021533161068043594,0.0056931616893465264,0,93.0,0.23345635567762413,-0.01839015986217396,0.0056931616893465264,0,96.0,0.2919557935401844,-0.007016473459426575,0.0056931616893465264,0,91.0,0.1381914632207335,0.012303485987696483,0.0056931616893465264,1
9/17/13,26.0,-0.2654482158398608,0.011552814462246763,0.004217719132893594,0,51.0,0.26990710019907094,0.027393095994055372,0.004217719132893594,1,90.0,-0.3773486218823845,-0.00041322314049574427,0.004217719132893594,0,91.0,0.30544045938754016,0.060221124441308005,0.004217719132893594,1,96.0,0.03661043451301782,-0.003236245954692518,0.004217719132893594,0,88.0,-0.2489493644936449,-0.005153029356652183,0.004217719132893594,0,89.0,0.24767602240058495,0.015105740181268867,0.004217719132893594,1,95.0,-0.3296221557302902,0.010979591836734581,0.004217719132893594,0,95.0,0.603273674907314,0.0039938556067589115,0.004217719132893594,0,97.0,-0.3332973515274277,0.01282916948008106,0.004217719132893594,1
9/18/13,41.0,0.14392579713396336,0.020544313864098385,0.01217766723761704,1,51.0,0.2829958632701939,0.0258408127034222,0.01217766723761704,1,90.0,0.4771019275481887,0.01777594047126918,0.01217766723761704,1,90.0,-0.13724538965743038,0.003550033281561893,0.01217766723761704,1,96.0,-0.14721888105068104,0.006029684601113194,0.01217766723761704,1,86.0,0.31079190692278824,0.01177209229320364,0.01217766723761704,1,89.0,-0.14824710247811046,0.006802721088435382,0.01217766723761704,1,94.0,0.34035706871496774,0.007630505874278493,0.01217766723761704,1,98.0,-0.24335991217767494,0.011933904528763861,0.01217766723761704,1,94.0,0.48295665590445447,0.014666666666666606,0.01217766723761704,1
9/19/13,40.0,-0.11452210952103703,0.016407636694229177,-0.0018429227131532278,1,48.0,-0.20211105077382574,9.614460148066328e-05,-0.0018429227131532278,1,86.0,0.3571136002816395,-0.0077173030056865155,-0.0018429227131532278,0,91.0,-0.19345915755764842,0.016581914658412522,-0.0018429227131532278,1,95.0,0.29811988228297825,-0.022591055786076675,-0.0018429227131532278,0,84.0,-0.17275756155968558,-0.005274588892336229,-0.0018429227131532278,1,88.0,-0.11615179168986156,0.0004222972972973693,-0.0018429227131532278,1,93.0,0.21234414930690004,-0.0020835002804712177,-0.0018429227131532278,1,95.0,-0.34435779150981516,0.009676443906864174,-0.0018429227131532278,1,94.0,-0.17825260426701606,0.019382391590013093,-0.0018429227131532278,1
9/20/13,41.0,0.7286318426899412,-0.010350115001277804,-0.007216925810234809,0,47.0,1.2554340890722702,0.013715311158110532,-0.007216925810234809,1,81.0,-0.06661112621567489,-0.004093327875562935,-0.007216925810234809,1,91.0,0.8055974138847377,0.03284036537625057,-0.007216925810234809,1,89.0,0.6533970774796787,-0.004245283018867951,-0.007216925810234809,1,81.0,1.682703502092445,-0.017467248908296984,-0.007216925810234809,0,89.0,0.665487201624831,-0.0059096665259603665,-0.007216925810234809,0,83.0,1.0438837432130308,-0.020717899301373133,-0.007216925810234809,0,88.0,1.4485659082581033,-0.025456723569931117,-0.007216925810234809,0,92.0,0.16649342326359307,-0.0032226877215598693,-0.007216925810234809,1
9/23/13,30.0,0.0898094502124116,0.04968797073380693,-0.0047195466428058275,1,49.0,-0.6445127586141863,-0.015331605234873757,-0.0047195466428058275,0,84.0,-0.28086551720451947,-0.009864364981504226,-0.0047195466428058275,0,90.0,-0.349164216628401,-0.006317119393556614,-0.0047195466428058275,0,94.0,-0.5018258416988143,-0.000947418285172863,-0.0047195466428058275,1,80.0,-0.6081586694659802,0.005132275132275099,-0.0047195466428058275,1,86.0,-0.523314708194353,-0.006369426751592466,-0.0047195466428058275,0,95.0,-0.2799949995312061,-0.0177941779417794,-0.0047195466428058275,0,98.0,-0.612981500395025,-0.001536570374923052,-0.0047195466428058275,1,92.0,0.05383440309807441,-0.02166181700614289,-0.0047195466428058275,0
9/24/13,29.0,-0.5219247486047887,-0.003136595666167863,-0.0025971889249282176,0,50.0,0.07889012679717755,0.008475392468457965,-0.0025971889249282176,1,92.0,0.10598544051905767,-0.005396430053964285,-0.0025971889249282176,0,87.0,0.8185894622025354,0.026700572155117674,-0.0025971889249282176,1,96.0,-0.06952218649059128,0.0018966334755807779,-0.0025971889249282176,1,91.0,-0.07647868773946365,-0.005316628941411716,-0.0025971889249282176,0,90.0,0.08793471527068997,0.0034188034188034067,-0.0025971889249282176,1,100.0,-0.24220852504557688,0.02604775421606287,-0.0025971889249282176,1,98.0,0.021566259312360447,-0.008618036318867373,-0.0025971889249282176,0,95.0,0.7687568742887296,0.03337739590218103,-0.0025971889249282176,1
9/25/13,26.0,-0.13006155714208867,-0.015485542713774447,-0.0027394516383688616,0,50.0,-0.01229346970889067,-0.004711425206124886,-0.0027394516383688616,0,91.0,-0.10747117167970321,0.012103505843071849,-0.0027394516383688616,1,89.0,-0.35721030661348585,0.020846233230134015,-0.0027394516383688616,1,96.0,0.32418597166131513,0.007572172266919086,-0.0027394516383688616,1,86.0,-0.139629857712378,-0.0026460626587637703,-0.0027394516383688616,0,89.0,-0.18558711353087454,0.0,-0.0027394516383688616,0,94.0,-0.37163478061633637,0.0036208299430431357,-0.0027394516383688616,1,96.0,-0.2894801523903159,0.0018627755355480335,-0.0027394516383688616,0,94.0,-0.31178335478027075,0.002238567316917184,-0.0027394516383688616,0
9/26/13,26.0,-0.2515658265532381,0.009754976709209773,0.0034854114853171136,1,48.0,-0.009309967141292397,0.017495602110986885,0.0034854114853171136,1,93.0,1.0545968573773332,-0.02680412371134011,0.0034854114853171136,0,88.0,0.11766539940395782,0.01880307319045693,0.0034854114853171136,1,94.0,-0.3955624229587319,-0.004697040864255375,0.0034854114853171136,0,86.0,-0.2113015633829346,0.00392656266581759,0.0034854114853171136,1,89.0,0.6098320414086591,-0.012350936967632009,0.0034854114853171136,0,90.0,0.5103919781221513,0.029672868782682604,0.0034854114853171136,1,93.0,-0.013958315316094483,0.007747133560582542,0.0034854114853171136,1,93.0,1.0491209927611167,0.04499042756860239,0.0034854114853171136,1
9/27/13,26.0,-0.03870305233587501,-0.0071369466280513105,-0.004073775365432963,0,48.0,-0.16704357002864467,-0.006632717213630124,-0.004073775365432963,0,82.0,0.5107855010911009,-0.01864406779661021,-0.004073775365432963,0,92.0,-0.1711421592932607,0.016868426275054693,-0.004073775365432963,1,90.0,-0.03833596629805158,-0.00613496932515345,-0.004073775365432963,0,83.0,0.8654470768055025,-0.01733615221987317,-0.004073775365432963,0,88.0,-0.09621507782009975,-0.018111254851228997,-0.004073775365432963,0,83.0,0.39869636067354697,-0.028699657493799435,-0.004073775365432963,0,90.0,0.9417625596407522,0.015375153751537418,-0.004073775365432963,1,92.0,-0.1896864175441011,0.02442748091603053,-0.004073775365432963,1
9/30/13,24.0,0.14083469420330785,-0.012438795707886197,-0.006029259642382212,0,50.0,-0.02045248868778282,-0.010664219486725135,-0.006029259642382212,0,86.0,-0.5108185627399021,0.0043177892918826455,-0.006029259642382212,0,87.0,0.22950970697882944,-0.019711163153786182,-0.006029259642382212,0,92.0,0.3590565605678955,-0.008547008547008517,-0.006029259642382212,0,85.0,0.018614774036614934,-0.009305077452667732,-0.006029259642382212,0,85.0,0.12327090557701026,-0.0026350461133068936,-0.006029259642382212,0,90.0,-0.35594390507011864,-0.002675097276264582,-0.006029259642382212,0,91.0,-0.28019982655199827,0.00030284675953962115,-0.006029259642382212,0,91.0,-0.05428477962732292,-0.011326378539493143,-0.006029259642382212,0
10/1/13,23.0,0.36027251299602847,0.023524199333305074,0.007998572745383736,1,49.0,0.475979305247598,0.026580092118730914,0.007998572745383736,1,90.0,-0.2528306190297924,-0.0008598452278590907,0.007998572745383736,0,85.0,-0.019791198361556517,0.003782600039816897,0.007998572745383736,1,94.0,-0.24856232372440568,0.015325670498084198,0.007998572745383736,1,87.0,-0.32602684631240264,0.006460719908789825,0.007998572745383736,1,86.0,-0.20316655175810105,-0.003963011889035695,0.007998572745383736,0,93.0,-0.17975345035508505,0.020076404129074188,0.007998572745383736,1,95.0,-0.07833431644473454,0.009082652134423164,0.007998572745383736,1,93.0,-0.06269249446214631,0.03436840518540851,0.007998572745383736,1
10/2/13,23.0,-0.18282734774937293,0.0032774720178097017,-0.0006666666666667043,1,48.0,-0.07469537639793022,-0.0013709300514098688,-0.0006666666666667043,1,90.0,0.33005614249309834,0.003442340791738552,-0.0006666666666667043,1,87.0,-0.3595817110707952,-0.002776675922253058,-0.0006666666666667043,1,94.0,0.5820424079941506,0.004245283018867951,-0.0006666666666667043,1,82.0,0.34906012233328365,-0.007605998489588983,-0.0006666666666667043,1,87.0,-0.10365099966008462,0.0026525198938991412,-0.0006666666666667043,1,91.0,0.18475863758882616,0.0007569721115536776,-0.0006666666666667043,1,95.0,0.2785528899443608,0.00990099009900991,-0.0006666666666667043,1,90.0,-0.23219627478185578,-0.004954823666569519,-0.0006666666666667043,1
10/3/13,23.0,0.11608249419055006,-0.012573964497041401,-0.008979437619179631,0,48.0,0.20627762244069636,-0.017940157873389317,-0.008979437619179631,0,88.0,-0.04798838459561883,-0.013293310463121766,-0.008979437619179631,0,88.0,0.3057421141420251,-0.02187748607796347,-0.008979437619179631,0,92.0,-0.21488433429053844,-0.022545796148426556,-0.008979437619179631,0,85.0,-0.11205109065273289,-0.00592487905636796,-0.008979437619179631,0,91.0,0.5034647108000725,-0.012786596119929383,-0.008979437619179631,0,91.0,0.2846604619096864,-0.024364027230383445,-0.008979437619179631,0,91.0,-0.1755817222899111,-0.0014854426619131944,-0.008979437619179631,0,90.0,0.07517076913122644,-0.007615700058582253,-0.008979437619179631,0
10/4/13,23.0,-0.19793699954020594,-0.0007698709945901383,0.007053244850058871,1,47.0,-0.3214445939883356,0.013597661710509579,0.007053244850058871,1,82.0,-0.11931783937045837,0.0004345936549325913,0.007053244850058871,1,89.0,-0.092607715278201,0.037820252135014165,0.007053244850058871,1,89.0,-0.20618961281562243,0.016338298894762238,0.007053244850058871,1,75.0,-0.10841272806525937,0.001312335958005395,0.007053244850058871,1,86.0,-0.35365521590208804,0.00937918713711472,0.007053244850058871,1,82.0,-0.07056992594182676,-0.0003264373444321622,0.007053244850058871,1,87.0,-0.1471612606514089,0.0002975304968759751,0.007053244850058871,1,92.0,0.029500642626558715,0.029811097992916036,0.007053244850058871,1
10/7/13,22.0,0.20637513114771822,0.00976615371801004,-0.008506359065365343,1,48.0,0.14776859504132234,-0.02824097291875638,-0.008506359065365343,0,87.0,-0.11996917382274352,-0.005647263249348389,-0.008506359065365343,1,85.0,-0.23161443711633778,-0.010188087774294585,-0.008506359065365343,1,93.0,0.3829360174812384,-0.015602836879432536,-0.008506359065365343,0,81.0,0.3851096521860595,-0.011358671909130647,-0.008506359065365343,1,88.0,-0.05448780487804883,0.0008849557522123686,-0.008506359065365343,1,90.0,0.2992089612564235,-0.03175639822033549,-0.008506359065365343,0,90.0,0.062445278583135755,-0.016954193932183226,-0.008506359065365343,0,92.0,-0.35496572053678044,-0.021496130696474602,-0.008506359065365343,0
10/8/13,22.0,-0.06844611011987478,-0.01396106574280298,-0.012332052597665899,0,49.0,0.519873271889401,-0.021933361287617137,-0.012332052597665899,0,92.0,0.07742114356621443,-0.010921799912625652,-0.012332052597665899,0,86.0,1.3788721068456753,-0.06690419635787814,-0.012332052597665899,0,98.0,0.2692434187007564,-0.008645533141210415,-0.012332052597665899,0,88.0,0.4063886647841872,-0.01806230667255848,-0.012332052597665899,0,89.0,0.693667834512905,-0.015473032714412138,-0.012332052597665899,0,93.0,1.8583618505844184,-0.061042957716791135,-0.012332052597665899,0,95.0,0.16961558970381496,-0.008774583963691351,-0.012332052597665899,0,92.0,1.777877750231411,-0.035442296426479225,-0.012332052597665899,0
10/9/13,23.0,0.037151464402929824,0.011753633796925733,0.0005738620918782633,0,49.0,0.02564588465668627,-0.01648913366091742,0.0005738620918782633,0,90.0,0.4259313305529142,-0.006183745583038913,0.0005738620918782633,0,85.0,0.08242149896017814,-0.007848960543063166,0.0005738620918782633,0,99.0,2.1528356729230977,0.08914728682170536,0.0005738620918782633,1,88.0,-0.20701647455317929,0.014513134949653894,0.0005738620918782633,0,88.0,0.11974678216176704,0.00493938033228547,0.0005738620918782633,0,91.0,-0.3029728216928913,-0.004040766847752786,0.0005738620918782633,0,95.0,-0.12528768138555157,0.001831501831501825,0.0005738620918782633,0,92.0,-0.2191538543992021,0.002429395687822522,0.0005738620918782633,0
10/10/13,22.0,-0.07663397024842478,0.006263306943382174,0.0218304757304999,0,48.0,-0.21318593336207425,0.023270630050632013,0.0218304757304999,1,91.0,-0.1457096766384306,0.022666666666666835,0.0218304757304999,1,86.0,-0.32263386219678614,0.04874919820397672,0.0218304757304999,1,100.0,-0.3925700012863942,-0.01245551601423489,0.0218304757304999,0,87.0,-0.17284955352096754,0.019018574993069137,0.0218304757304999,1,89.0,-0.03081458326120179,0.022788203753351333,0.0218304757304999,1,89.0,-0.4931519072049967,0.025785511427669938,0.0218304757304999,1,93.0,0.19500482181578982,0.021023765996343702,0.0218304757304999,1,93.0,-0.30025932789610177,0.02605271129960607,0.0218304757304999,1
10/11/13,21.0,-0.03899458296901537,0.0064708299096136734,0.006286335491799466,1,47.0,-0.15341865289029788,0.018743651079725865,0.006286335491799466,1,81.0,-0.2845031235911638,0.011734028683181297,0.006286335491799466,1,88.0,-0.4143965361717481,0.0012232415902140303,0.006286335491799466,0,88.0,-0.4661495789470588,0.021621621621621623,0.006286335491799466,1,74.0,-0.11651042663095468,0.007563391010991349,0.006286335491799466,1,87.0,-0.37353978371702556,0.006553079947575258,0.006286335491799466,1,82.0,-0.24095590176921045,-0.004087013843111387,0.006286335491799466,0,85.0,-0.29951650258541673,0.0107430617726052,0.006286335491799466,1,88.0,-0.27446999970146835,0.008266902863891312,0.006286335491799466,1
10/14/13,22.0,-0.021815291620041588,0.0065516889478518525,0.004074682949741781,1,51.0,-0.10355508298275617,-0.0006111486377818887,0.004074682949741781,1,76.0,0.04786165378882257,0.002577319587628857,0.004074682949741781,1,86.0,0.17719244197987272,0.00814498065567082,0.004074682949741781,1,89.0,-0.39332999079884734,0.0044091710758378255,0.004074682949741781,1,71.0,-0.17617397760316778,0.004320354269050197,0.004074682949741781,1,85.0,0.10696683584107913,0.008246527777777901,0.004074682949741781,1,84.0,-0.08726155273380876,0.008295825611155161,0.004074682949741781,1,86.0,-0.07576257021372945,0.00944788898730442,0.004074682949741781,1,84.0,0.035368527477178224,-0.004392386530014614,0.004074682949741781,1
10/15/13,22.0,0.22213075319399156,0.005332954821964497,-0.007063749166735023,0,51.0,0.16605641792584191,-0.013839716768587085,-0.007063749166735023,0,86.0,-0.09971102734760218,-0.006855184233076295,-0.007063749166735023,0,86.0,0.18007880083162497,-0.00020197939810140397,-0.007063749166735023,0,94.0,0.2217328126419036,-0.004828797190517986,-0.007063749166735023,0,80.0,0.2636025684352823,-0.012367586169812372,-0.007063749166735023,0,89.0,0.5806812453314789,-0.002582866982350329,-0.007063749166735023,0,91.0,0.6132003557362471,0.03041575492341342,-0.007063749166735023,1,89.0,0.6967349835542314,0.0011699327288681172,-0.007063749166735023,0,90.0,1.4284035426365391,-0.018235294117647016,-0.007063749166735023,0
10/16/13,22.0,-0.21548918748687806,0.004860929022368232,0.013827544374168221,0,49.0,-0.03998054044491617,0.01334856396866857,0.013827544374168221,1,87.0,0.5450819046455888,-0.007765314926660882,0.013827544374168221,0,85.0,-0.2031490630428623,0.03313131313131312,0.013827544374168221,1,92.0,0.29323917487455864,0.021614468460520397,0.013827544374168221,1,90.0,0.9963745505334165,0.011215767408939925,0.013827544374168221,1,92.0,0.11093936593439602,0.01337936987483812,0.013827544374168221,1,93.0,-0.31139988186650913,0.014737736249734512,0.013827544374168221,1,90.0,-0.2544959637180505,0.004382120946538226,0.013827544374168221,0,90.0,0.04783524532483585,-0.008687837028160561,0.013827544374168221,0
10/17/13,22.0,0.009924285507197927,0.006764351665997648,0.006743961801642717,1,49.0,0.22006725940940708,0.000901800380044282,0.006743961801642717,0,87.0,0.7134673813699577,-0.009565217391304337,0.006743961801642717,0,87.0,0.10581650638547879,0.020922956589753516,0.006743961801642717,1,95.0,-0.4363033344254569,0.004749568221070755,0.006743961801642717,0,100.0,2.3296963381958915,-0.0636946104560383,0.006743961801642717,0,91.0,-0.3987247346165612,0.009369676320272413,0.006743961801642717,1,87.0,0.15131240349974262,0.0045203415369161615,0.006743961801642717,0,97.0,-0.10687066382619992,0.008144269924374559,0.006743961801642717,1,88.0,-0.4370883534136546,-0.010577213659715978,0.006743961801642717,0
10/18/13,22.0,0.14570106769424407,0.008712642303168039,0.00654876958139794,1,48.0,1.2541156924935812,0.05843549892203237,0.00654876958139794,1,83.0,-0.3586712856242873,0.007901668129938422,0.00654876958139794,1,89.0,0.23402589413047736,0.03849837195939476,0.00654876958139794,1,90.0,0.46433087245584703,0.0038676407391491363,0.00654876958139794,1,83.0,-0.5284524496063732,-0.006037952846463579,0.00654876958139794,0,93.0,0.03081383799908699,-0.0016877637130801038,0.00654876958139794,0,82.0,0.25098097650623363,0.0425416666666667,0.00654876958139794,1,97.0,0.333315263144468,0.0011540680900175015,0.00654876958139794,1,88.0,-0.024051019235266424,0.021075137446548542,0.00654876958139794,1
10/21/13,23.0,0.3702211728424807,0.024489069850179845,9.17168243050881e-05,1,50.0,-0.5774900331669403,-0.007569999695983931,9.17168243050881e-05,0,85.0,-0.22235909240085783,-0.0013066202090592505,9.17168243050881e-05,0,84.0,-0.3401880806707456,-0.006824050165990414,9.17168243050881e-05,0,94.0,-0.344537756608451,0.0029965753424656683,9.17168243050881e-05,0,82.0,-0.3270098596890406,-0.005264680358692542,9.17168243050881e-05,0,87.0,0.19332907356883755,0.01098901098901095,9.17168243050881e-05,1,88.0,-0.3879933296275708,-0.0016785899844131702,9.17168243050881e-05,0,96.0,-0.3438798231117127,0.0008645533141209416,9.17168243050881e-05,0,88.0,-0.27804198530636115,0.01884534848938091,9.17168243050881e-05,1
10/22/13,54.0,0.34150835906344734,-0.002855323828449108,0.0057375075946028975,1,50.0,0.560282282044166,0.018686435485847364,0.0057375075946028975,1,93.0,0.8659848646898649,-0.012211077191452313,0.0057375075946028975,0,83.0,0.4287627715291491,-0.021727019498607225,0.0057375075946028975,0,96.0,0.7376948165776025,0.020913358941528015,0.0057375075946028975,1,88.0,-0.017101722850662804,0.012213562870768913,0.0057375075946028975,1,99.0,-0.17810842663523863,-0.0029264214046822445,0.0057375075946028975,1,94.0,0.747437394576359,-0.0193762760719004,0.0057375075946028975,0,99.0,0.47405544316255677,-0.011805355600345457,0.0057375075946028975,0,89.0,-0.01280327619861954,-0.0035231943628891704,0.0057375075946028975,1
10/23/13,51.0,-0.41257333396247187,0.009790074489697043,-0.0047245350977676015,1,50.0,-0.2839029348240376,-0.017381367655019075,-0.0047245350977676015,0,91.0,-0.24060229578795722,-0.017218543046357504,-0.0047245350977676015,0,83.0,-0.3124489207249651,-0.014806378132118492,-0.0047245350977676015,0,92.0,-0.4407693624513952,-0.01170568561872909,-0.0047245350977676015,0,88.0,-0.22471443108365696,0.004539186393932582,-0.0047245350977676015,1,100.0,0.09101093385911452,-0.013836477987421492,-0.0047245350977676015,0,98.0,-0.27870800074252833,-0.016819759134517165,-0.0047245350977676015,0,99.0,0.4491264512778663,-0.02360139860139865,-0.0047245350977676015,0,90.0,-0.09216427053239196,-0.024749558043606235,-0.0047245350977676015,0
10/24/13,36.0,0.22644675306129725,0.013239830622138182,0.003258168325335653,1,49.0,1.0881058831878505,0.01667890806708283,0.003258168325335653,1,89.0,0.02262073298600198,0.004941599281221842,0.003258168325335653,1,87.0,-0.18235530616882545,0.010597302504816941,0.003258168325335653,1,94.0,-0.010713895266207474,0.004653130287648022,0.003258168325335653,1,84.0,0.022904573520168503,0.011554081107361336,0.003258168325335653,1,95.0,0.5035875530392309,0.001700680272108901,0.003258168325335653,0,88.0,-0.35042207123738933,0.01021467425154654,0.003258168325335653,1,98.0,-0.09199238914343733,-0.0011936735302894297,0.003258168325335653,0,88.0,-0.0530389098464068,-0.0006042296072508169,0.003258168325335653,0
10/25/13,32.0,-0.12208185364149737,-0.011175825422639285,0.004394801577562557,0,49.0,1.0454398694920726,0.09385629571656495,0.004394801577562557,1,80.0,-0.3167126468423289,0.0040232454179705,0.004394801577562557,1,88.0,-0.03613041154462859,-0.009532888465204947,0.004394801577562557,0,89.0,-0.07608575533208084,0.00505263157894742,0.004394801577562557,1,78.0,-0.12478990837294202,-0.005315238903025099,0.004394801577562557,0,96.0,0.2530878206017204,0.019524617996604432,0.004394801577562557,1,82.0,0.2422345483359747,-0.010645731431624839,0.004394801577562557,0,89.0,1.1329569608548815,0.05945622945921736,0.004394801577562557,1,86.0,0.4774602795840044,-0.02509068923821034,0.004394801577562557,0
10/28/13,28.0,0.6295258620689654,0.007439138666309741,0.0013297192246712886,1,52.0,-0.6979429748770437,-0.014392250749882929,0.0013297192246712886,0,82.0,-0.2972347270635908,0.004007123775600974,0.0013297192246712886,0,85.0,0.6296329156038594,-0.03310875842155936,0.0013297192246712886,0,93.0,0.4797440344477004,-0.005446166736489455,0.0013297192246712886,0,83.0,-0.23335673577269345,0.0027855153203342198,0.0013297192246712886,0,87.0,0.09972214163901216,0.004579517069108974,0.0013297192246712886,0,86.0,0.35759392740958096,0.009555463232239436,0.0013297192246712886,1,93.0,-0.6618006238215236,-0.00451212633953757,0.0013297192246712886,0,86.0,-0.17785105428443249,0.0031007751937985883,0.0013297192246712886,0
10/29/13,27.0,0.15508734090932208,-0.024905087319665897,0.0055842143793520815,0,50.0,-0.398921832884097,0.012675899039535254,0.0055842143793520815,1,93.0,0.24933844575255182,0.012416851441241494,0.0055842143793520815,1,85.0,0.39023029181184676,-0.016523989647620918,0.0055842143793520815,0,97.0,-0.08765378211035124,-0.0008424599831508006,0.0055842143793520815,1,89.0,1.398416246936192,0.02692743764172345,0.0055842143793520815,1,90.0,-0.5431386242482648,0.006630750103605587,0.0055842143793520815,1,90.0,0.8969600150354744,0.01703703703703696,0.0055842143793520815,1,93.0,-0.17406913369251453,-0.0014164305949008194,0.0055842143793520815,1,87.0,0.6002226381529765,0.025347758887171556,0.0055842143793520815,1
10/30/13,27.0,-0.44297013308436894,0.015904843482323683,-0.004875984085329743,1,49.0,1.0601262926695343,-0.004466501240694809,-0.004875984085329743,0,90.0,0.01301447752558671,-0.00525624178712214,-0.004875984085329743,0,85.0,0.24406958871386197,-0.007894736842105288,-0.004875984085329743,0,96.0,0.02912199875963495,0.01475548060708265,-0.004875984085329743,1,85.0,-0.4077555420793747,-0.010819762627656715,-0.004875984085329743,0,90.0,-0.19591344950386658,-0.0008233841086866533,-0.004875984085329743,1,90.0,1.2076883065415007,-0.09318604839362299,-0.004875984085329743,0,90.0,0.1670388805824201,0.0005673758865250011,-0.004875984085329743,1,94.0,-0.5136367356403366,-0.018088634308109808,-0.004875984085329743,0
10/31/13,27.0,-0.22155636547629398,-0.004177445626137866,-0.0038393702752210768,0,45.0,-0.45209008928968064,0.008169934640522847,-0.0038393702752210768,1,88.0,0.13233942545034405,-0.006605019815059565,-0.0038393702752210768,0,83.0,0.9580005193864944,0.024484799020608072,-0.0038393702752210768,1,91.0,0.18828826502061857,0.007062733693394163,-0.0038393702752210768,1,82.0,-0.1812010542882606,-0.0052458284502483465,-0.0038393702752210768,0,92.0,0.2826521887115119,-0.0012360939431397266,-0.0038393702752210768,0,82.0,-0.6267404157924852,-0.0019633215831512674,-0.0038393702752210768,0,87.0,0.12661868170183554,-0.003685851998865952,-0.0038393702752210768,0,87.0,0.07091925091322127,0.011360147374884777,-0.0038393702752210768,1
11/1/13,36.0,-0.002924956582675775,-0.005118632978621029,0.0029034351623078436,0,51.0,0.3503324144640829,-0.013817542510232594,0.0029034351623078436,0,73.0,-0.03387791543710539,0.00044326241134751143,0.0029034351623078436,0,98.0,-0.6180483824942024,-0.009161521609241219,0.0029034351623078436,0,77.0,1.476193236154983,0.06353135313531366,0.0029034351623078436,1,69.0,-0.15599453463328783,0.00011220196353445289,0.0029034351623078436,0,79.0,-0.08411593002258799,-0.005775577557755707,0.0029034351623078436,0,80.0,-0.17133066818960596,-0.016855188447265967,0.0029034351623078436,0,85.0,-0.03401203868308611,0.0034149117814454844,0.0029034351623078436,0,93.0,-0.0047662070681279145,0.007285974499089409,0.0029034351623078436,1
11/4/13,27.0,-0.11008912655971481,0.012920446413028808,0.003570536545491665,1,55.0,-0.41807265085559897,-0.0007242339832869149,0.003570536545491665,1,78.0,-0.1416796934773934,0.0004430660168364131,0.003570536545491665,1,90.0,-0.15428324897667123,-0.030753768844221097,0.003570536545491665,0,84.0,-0.5578523277859702,-0.005430566330488773,0.003570536545491665,0,76.0,-0.044231033063520386,0.005833847534638448,0.003570536545491665,1,78.0,-0.05873415753601319,-0.0029045643153526868,0.003570536545491665,0,95.0,-0.04951213319307923,0.01737153251477941,0.003570536545491665,1,87.0,-0.30309254282918496,0.011627906976744207,0.003570536545491665,1,94.0,0.037963608614995925,0.0003013863773357883,0.003570536545491665,1
11/5/13,25.0,0.08415076630764484,-0.0024632893505701636,-0.0028055409433631606,0,51.0,0.03544160132067686,0.0004181301220940181,-0.0028055409433631606,0,84.0,0.6194492898516781,0.021700620017714778,-0.0028055409433631606,1,90.0,-0.04399596869517608,0.03919535462463708,-0.0028055409433631606,1,82.0,-0.13344450400015884,-0.011700468018720822,-0.0028055409433631606,0,81.0,0.7502942611891024,-0.013440410462327801,-0.0028055409433631606,0,75.0,-0.1422645815659277,0.0,-0.0028055409433631606,0,97.0,-0.21508166692108077,0.0036652959055962775,-0.0028055409433631606,0,87.0,0.8417894065365439,0.019343986543313596,-0.0028055409433631606,1,91.0,-0.14623696802611152,-0.006628502561012328,-0.0028055409433631606,0
11/6/13,25.0,-0.1577508208490377,-0.0028330781010720285,0.004265529192215345,1,52.0,0.13711324796970747,-0.007551060213435767,0.004265529192215345,1,95.0,0.03918872538967477,0.00910273081924573,0.004265529192215345,1,93.0,-0.11643131385436323,-0.019756535621632487,0.004265529192215345,0,87.0,-0.03458492741670671,0.005524861878453136,0.004265529192215345,1,84.0,-0.25195184359008005,0.012945166760881754,0.004265529192215345,1,80.0,0.11710335712628939,0.009155222638368654,0.004265529192215345,1,97.0,0.023045507584597447,-0.016745346040794473,0.004265529192215345,0,93.0,0.7210822357537165,0.04207920792079212,0.004265529192215345,1,95.0,-0.19632398245132177,-0.0027297543221108667,0.004265529192215345,1
11/7/13,25.0,0.1756897351366935,-0.01618290716424775,-0.013182791204694677,0,52.0,0.8605354247907813,-0.03543152338705147,-0.013182791204694677,0,89.0,-0.2625470996580991,-0.007302405498281872,-0.013182791204694677,0,90.0,0.4306883294790025,-0.03175895765472303,-0.013182791204694677,0,85.0,0.17331361133961898,0.0031397174254317317,-0.013182791204694677,0,83.0,0.14445150963667852,0.0045203415369161615,-0.013182791204694677,0,78.0,0.004129171775896445,-0.007835051546391858,-0.013182791204694677,0,96.0,0.6392453188860374,-0.04216867469879515,-0.013182791204694677,0,94.0,-0.3205372079218607,-0.01768276590129325,-0.013182791204694677,0,98.0,0.5564453557969409,-0.023418491484184956,-0.013182791204694677,0
11/8/13,25.0,0.06357617306195551,0.01574664871509679,0.013427582062215393,1,49.0,-0.38167345689188237,0.019647223192455376,0.013427582062215393,1,83.0,-0.13009641465908417,0.017308524448290896,0.013427582062215393,1,96.0,-0.27177538917716826,-0.0006307821698906535,0.013427582062215393,0,81.0,0.019172818282940707,0.009389671361502483,0.013427582062215393,1,80.0,0.2022224350991475,-5.555555555547542e-05,0.013427582062215393,0,81.0,0.22908888030556618,0.0012468827930174342,0.013427582062215393,1,88.0,-0.40353115124807937,0.017496571617723555,0.013427582062215393,1,88.0,-0.3921346715775331,0.007522837184309461,0.013427582062215393,1,96.0,-0.10491552279727256,0.03145437558393027,0.013427582062215393,1
11/11/13,26.0,-0.18568306668270584,-0.0029007222990625747,0.000722914701713151,0,57.0,-0.13859689213893966,0.011618280951157578,0.000722914701713151,1,83.0,-0.2651590948093032,-0.00255210548702689,0.000722914701713151,0,92.0,0.1439114391143912,-0.027982326951399128,0.000722914701713151,0,84.0,-0.19080030956680494,0.015891472868217127,0.000722914701713151,1,79.0,-0.16776095617529885,0.01605644758042102,0.000722914701713151,1,77.0,-0.38937367670912837,0.0033208800332089616,0.000722914701713151,1,91.0,0.028385340721298835,-0.016312682994841232,0.000722914701713151,0,90.0,-0.2685326829586965,-0.005066666666666553,0.000722914701713151,0,93.0,0.04955976343914914,0.021135265700483075,0.000722914701713151,1
11/12/13,27.0,-0.1018920881907599,0.0018495328003083067,-0.0023703503039127494,0,57.0,0.03599062651987439,-0.013685873920650238,-0.0023703503039127494,0,94.0,0.6752750617980252,0.01194029850746281,-0.0023703503039127494,1,91.0,-0.157137560252132,0.008874458874458702,-0.0023703503039127494,1,86.0,-0.18794447986659468,-0.004959938954597565,-0.0023703503039127494,0,86.0,-0.18455469812151737,0.0010389326334208082,-0.0023703503039127494,0,80.0,0.9657162165674629,0.010757136946627943,-0.0023703503039127494,1,100.0,-0.1579071745911712,-0.011244448644051719,-0.0023703503039127494,0,94.0,0.17784352032747242,-0.006164567140176991,-0.0023703503039127494,0,97.0,0.15072361231309572,0.007392075694855116,-0.0023703503039127494,0
11/13/13,26.0,-0.03454136739952851,0.0011922847637546585,0.008095310829387525,0,55.0,0.18360291920959404,0.019139987983864293,0.008095310829387525,1,96.0,0.9286694967412059,0.011378002528444897,0.008095310829387525,1,89.0,0.16201830019355978,0.04505470928985189,0.008095310829387525,1,88.0,-0.06491715487910454,0.010352760736196398,0.008095310829387525,1,89.0,0.10470823059762835,0.0026219478887858916,0.008095310829387525,0,80.0,-0.3920081452391342,0.0069586573884568015,0.008095310829387525,1,97.0,0.5865746197451871,0.054902522935779796,0.008095310829387525,1,95.0,0.42038949057867536,0.021305285868392643,0.008095310829387525,1,97.0,0.17002903992578067,0.030231875550337683,0.008095310829387525,1
11/14/13,26.0,0.4319950025555115,0.014463246451414502,0.0048372615039280475,1,56.0,0.49994591281145206,0.03138509909606402,0.0048372615039280475,1,100.0,2.31473617316074,-0.10958333333333325,0.0048372615039280475,0,92.0,-0.05209161461290934,0.005748306302607364,0.0048372615039280475,1,90.0,1.8411290409395757,-0.05351043643263753,0.0048372615039280475,0,91.0,0.3437420287390529,-0.007300463089076614,0.0048372615039280475,0,79.0,-0.12141642344814985,-0.008536585365853666,0.0048372615039280475,0,97.0,-0.27034102164992213,0.0030348326312450435,0.0048372615039280475,0,96.0,0.027272363293414204,-0.003696857670979714,0.0048372615039280475,0,100.0,0.002580511973575561,0.016809116809116675,0.0048372615039280475,1
11/15/13,26.0,0.12570391814720816,-0.006001969100272619,0.004222001317979451,0,55.0,0.07976345016587327,0.004817637452368073,0.004222001317979451,1,85.0,-0.6482955333218412,0.007955077211043493,0.004222001317979451,1,91.0,-0.4348416470306322,0.00040824658093474575,0.004222001317979451,1,80.0,-0.26815979024026126,0.005613472333600544,0.004222001317979451,1,80.0,-0.18119117298109622,0.005378409527468264,0.004222001317979451,1,80.0,0.1320665976860127,0.005330053300532933,0.004222001317979451,1,88.0,0.6765732570542033,0.04344291907514464,0.004222001317979451,1,88.0,0.09565279525027237,-0.004505698383249213,0.004222001317979451,0,98.0,-0.2705558623400691,-0.006164191650322226,0.004222001317979451,0
11/18/13,26.0,-0.22954299252265664,-0.012114516466980363,-0.003698183719093806,0,60.0,-0.39055125122450796,-0.008099249668174546,-0.003698183719093806,0,86.0,-0.2284726998788117,-0.0116063138347261,-0.003698183719093806,0,90.0,1.0236496831790451,-0.06488471740461133,-0.003698183719093806,0,86.0,-0.39978669207032946,-0.0083732057416267,-0.003698183719093806,0,83.0,0.03261142559069574,0.006987280965118137,-0.003698183719093806,1,77.0,0.08072945138084098,0.0032626427406199365,-0.003698183719093806,1,96.0,-0.19357450623174577,-0.03890764303644079,-0.003698183719093806,0,93.0,0.0528879692814217,-0.017039403620873306,-0.003698183719093806,0,95.0,0.22193209813180048,-0.013814491119255812,-0.003698183719093806,0
11/19/13,25.0,-0.14699359853680838,0.0017739043248556907,-0.0020429465317355344,1,58.0,-0.3124863008694382,-0.0033863127423671147,-0.0020429465317355344,1,91.0,-0.144350576298529,0.006106153123532243,-0.0020429465317355344,1,91.0,-0.11998603189384238,0.01156447741653932,-0.0020429465317355344,1,88.0,0.12337617527818501,-0.00040209087253728626,-0.0020429465317355344,1,89.0,-0.14366966641097123,0.0042283298097252064,-0.0020429465317355344,1,79.0,0.006381385938290407,0.00406504065040636,-0.0020429465317355344,1,99.0,-0.38071502850790695,-0.003107128382942359,-0.0020429465317355344,1,95.0,-0.1689737694148562,-0.0048754062838569645,-0.0020429465317355344,0,97.0,-0.2825768513900192,-0.01000571755288715,-0.0020429465317355344,0
11/20/13,27.0,-0.07189665107677468,-0.008757578673852295,-0.003635611090291757,0,59.0,-0.05871413390010627,-0.006494218227653836,-0.003635611090291757,0,91.0,-0.21502727931574017,-0.008870214752567773,-0.003635611090291757,0,92.0,-0.28661940160313215,0.0015099223468506562,-0.003635611090291757,0,88.0,0.35970913670114335,-0.002011263073209979,-0.003635611090291757,0,91.0,-0.2034520428228097,-0.00032388663967608533,-0.003635611090291757,0,81.0,-0.18422047269422848,-0.005668016194331993,-0.003635611090291757,0,98.0,-0.3095541401273886,-0.023443852199837356,-0.003635611090291757,0,96.0,-0.2720519480519481,0.00925421883505706,-0.003635611090291757,1,96.0,1.3714762448406077,0.028587929540860424,-0.003635611090291757,1
11/21/13,25.0,0.3512331061568672,0.01192233009708743,0.008128575197741128,1,56.0,0.10900366920688676,0.01751385939266914,0.008128575197741128,1,87.0,-0.08135946744560352,0.011304757418747036,0.008128575197741128,1,89.0,-0.35316040272189564,0.005815205685979041,0.008128575197741128,1,86.0,-0.36379807882357595,0.0036275695284160303,0.008128575197741128,0,82.0,0.223188326293269,-0.005723851179869288,0.008128575197741128,0,81.0,1.1711995899174905,0.027280130293159788,0.008128575197741128,1,93.0,-0.14869171418986915,0.020444978953698234,0.008128575197741128,1,97.0,-0.2843694829956035,0.008629989212513456,0.008128575197741128,1,98.0,-0.1861699501308448,0.019090398652442442,0.008128575197741128,1
11/22/13,26.0,-0.1461728342291705,-0.002571286026787467,0.00496143887295708,0,60.0,0.5094675760969154,0.009188984061585082,0.00496143887295708,1,81.0,0.009728348343182924,-0.0004657661853748607,0.00496143887295708,1,92.0,0.1622140686808462,-0.010064239828693866,0.00496143887295708,0,84.0,-0.04629054305952529,0.009236947791164685,0.00496143887295708,1,78.0,0.7065141832043951,-0.015369575843154237,0.00496143887295708,0,84.0,0.7686047409115881,-0.05390408244153788,0.00496143887295708,0,85.0,0.6268347946015171,-0.0016318389918862364,0.00496143887295708,0,90.0,0.21319592277376254,0.00454545454545463,0.00496143887295708,1,94.0,-0.4981154254512361,0.005234159779614389,0.00496143887295708,1
11/25/13,26.0,0.024968085905233917,0.007579838399384586,-0.0012633258715840645,1,67.0,0.0022930365874220815,0.011630093201901559,-0.0012633258715840645,1,85.0,-0.08579410776950891,-0.008853681267474434,-0.0012633258715840645,0,87.0,1.0363793316068564,-0.030499675535366588,-0.0012633258715840645,0,87.0,0.2988840594547806,0.0023875845602865375,-0.0012633258715840645,1,81.0,-0.058907781661454384,-0.013017098731384569,-0.0012633258715840645,0,81.0,-0.44307074617401787,-0.0050272308336825056,-0.0012633258715840645,0,90.0,0.13097977473658706,-0.016481271282633325,-0.0012633258715840645,0,93.0,0.09523264956043165,0.0018631887143998327,-0.0012633258715840645,1,95.0,0.14537198637019566,-0.005480953685941481,-0.0012633258715840645,0
11/26/13,26.0,0.7503815768587372,0.01844426623897344,0.00014979361768219235,1,64.0,-0.08340342495710396,0.012558411214953269,0.00014979361768219235,1,88.0,0.2945030080391844,-0.0028208744710859213,0.00014979361768219235,0,89.0,-0.006649306606915761,0.023873270861222595,0.00014979361768219235,1,91.0,0.8359726561380378,-0.009130607383882494,0.00014979361768219235,0,84.0,-0.19630265711612838,-0.009109198614060565,0.00014979361768219235,0,83.0,-0.294738564576981,-0.004210526315789553,0.00014979361768219235,0,94.0,-0.10397815494993845,0.029129350937124876,0.00014979361768219235,1,93.0,0.12459702154874241,-0.007704569606801215,0.00014979361768219235,0,98.0,-0.3101294212324701,0.009644530173601673,0.00014979361768219235,1
11/27/13,26.0,-0.09450928141415127,0.02354705661792278,0.0024850922202190873,1,66.0,-0.16689913375422116,0.014002150142905734,0.0024850922202190873,1,87.0,-0.17701673682327324,0.0028288543140027045,0.0024850922202190873,1,90.0,-0.4514119196254389,0.013074743952930845,0.0024850922202190873,1,90.0,1.0370071149515456,0.0905448717948718,0.0024850922202190873,1,79.0,-0.20144197359277272,0.009362134115391108,0.0024850922202190873,1,85.0,-0.07129225379728632,0.010570824524312794,0.0024850922202190873,1,88.0,-0.26166716462503736,0.0008971426008164141,0.0024850922202190873,1,92.0,-0.2455571255726774,0.006693440428380271,0.0024850922202190873,1,98.0,-0.0043123643421970614,0.008733624454148492,0.0024850922202190873,1
11/29/13,40.0,-0.12469665570133204,0.018517840134808505,-0.000785732861893651,1,95.0,0.06005198924968047,0.01786868712989076,-0.000785732861893651,1,63.0,-0.37423758967144827,-0.0009402914903620108,-0.000785732861893651,1,93.0,-0.4898339741737604,0.01118520111852006,-0.000785732861893651,1,100.0,-0.7703113863321096,-0.0003673769287287909,-0.000785732861893651,1,65.0,-0.3755031001849233,0.0039671453316199035,-0.000785732861893651,1,100.0,-0.5143107476635513,-0.002510460251045954,-0.000785732861893651,1,67.0,-0.3778730980899968,0.004033523058306843,-0.000785732861893651,1,93.0,-0.1504378492506374,0.014095744680851174,-0.000785732861893651,1,92.0,-0.3800752890561979,0.0005411255411253979,-0.000785732861893651,1
12/2/13,27.0,0.4853939111224552,-0.008703940151419842,-0.0027190014453346567,0,100.0,0.9592684954280963,-0.0033534881357654145,-0.0027190014453346567,0,78.0,0.4129381840542732,-0.007529411764705896,-0.0027190014453346567,0,85.0,1.2119988324424171,0.0010636034886195578,-0.0027190014453346567,1,90.0,0.20191024357691023,-0.0011025358324145973,-0.0027190014453346567,1,72.0,0.5885734192649363,-0.012243989314336678,-0.0027190014453346567,0,85.0,0.8608625723579828,-0.005872483221476488,-0.0027190014453346567,0,81.0,0.6851827761155198,-0.0162478239521493,-0.0027190014453346567,0,92.0,0.944301597073842,0.008392341987935925,-0.0027190014453346567,1,95.0,0.7770703596988568,0.0008112493239589291,-0.0027190014453346567,1
12/3/13,25.0,-0.045660855859592564,0.02737514286232612,-0.0031928480204341803,1,84.0,-0.2144887568943572,-0.019474891664542415,-0.0031928480204341803,0,89.0,0.48357788001763446,0.00806069227121875,-0.0031928480204341803,1,88.0,-0.36806239413873243,-0.007012324691882843,-0.0031928480204341803,0,93.0,0.24345351702120266,0.0066225165562914245,-0.0031928480204341803,1,85.0,0.28596491228070176,-0.007888212756366753,-0.0031928480204341803,0,84.0,0.36523225346793686,-0.006329113924050556,-0.0031928480204341803,0,93.0,0.11888219854871074,-0.017968147375107657,-0.0031928480204341803,0,98.0,0.21325528982267916,-0.00364109232769827,-0.0031928480204341803,0,97.0,0.22578170628590355,-0.012158875979464856,-0.0031928480204341803,0
12/4/13,25.0,-0.16315658760710294,-0.002330837688939158,-0.001303512241316973,1,76.0,-0.36393097302114563,0.0033796079654759836,-0.001303512241316973,1,86.0,-0.15231814571201618,-0.00047036688617130284,-0.001303512241316973,1,89.0,0.8852303185189803,0.04044511020757535,-0.001303512241316973,1,90.0,0.9012016990115146,0.02266081871345027,-0.001303512241316973,1,83.0,-0.10173942701227834,-0.0019309404815992526,-0.001303512241316973,1,83.0,0.2395512513403144,0.008067940552016983,-0.001303512241316973,1,88.0,-0.042500344970332504,0.011966917710114044,-0.001303512241316973,1,95.0,-0.003573224230375094,0.01644479248238051,-0.001303512241316973,1,97.0,0.858069379453555,0.04294310722100647,-0.001303512241316973,1
12/5/13,24.0,0.18354824828241156,0.005132743362831871,-0.004339556338931572,0,72.0,-0.19054897465291043,-0.0038086848378069416,-0.004339556338931572,0,88.0,0.38834619835732176,-0.016000000000000014,-0.004339556338931572,0,90.0,-0.2749981401730879,-0.005758946935417453,-0.004339556338931572,0,86.0,-0.3529864220183486,-0.031093638313080763,-0.004339556338931572,0,78.0,-0.16753996278999128,0.001934676226243326,-0.004339556338931572,0,78.0,0.044459424017521565,0.021903959561921038,-0.004339556338931572,1,88.0,0.1982994667819571,0.03387818464067194,-0.004339556338931572,1,92.0,1.239925582971905,-0.02413970210580374,-0.004339556338931572,0,78.0,0.0582712666202283,0.01940729084710191,-0.004339556338931572,1
12/6/13,24.0,-0.23052764212862253,-0.013875682338439832,0.011237906365719308,??,70.0,0.04101757146603724,0.006398085775962903,0.011237906365719308,??,79.0,-0.17050407804202183,0.01769488283118137,0.011237906365719308,??,90.0,-0.022239197354919638,-0.008274720728175589,0.011237906365719308,??,83.0,-0.22067798302093122,0.01659904094430087,0.011237906365719308,??,72.0,0.08093685146753637,0.009029986369831766,0.011237906365719308,??,79.0,0.1866182369254017,0.02308326463314092,0.011237906365719308,??,77.0,0.597474443776308,0.028925984808337857,0.011237906365719308,??,86.0,-0.6871398478139374,0.0094736842105263,0.011237906365719308,??,67.0,-0.22692701345012534,-0.0002572678157961583,0.011237906365719308,??
